loan_id,disbursal_date,loan_amount,gold_weight_g,purity,purity_factor,gold_value_now,LTV_now,gold_value_forecast,LTV_forecast,LTV_-5%,LTV_-10%,LTV_-20%,Risk_LTV_now,Risk_LTV_forecast,Risk_LTV_-5%,Risk_LTV_-10%,Risk_LTV_-20%
1,2022-03-28,76178,26.34067889151663,23,0.958,194680.64402979484,39.129724672752445,,,41.18918386605521,43.47747185861383,48.91215584094056,False,False,False,False,False
2,1981-05-07,69407,20.497267941990494,23,0.958,151492.72880294462,45.81540021652241,,,48.226737070023596,50.906000240580454,57.26925027065302,False,False,False,False,False
3,1993-10-01,70990,20.819307251039845,24,1.0,160618.8735110473,44.19779472249712,,,46.523994444733816,49.10866080277459,55.247243403121416,False,False,False,False,False
4,2011-10-01,149473,23.575709777303853,22,0.916,166605.9669186041,89.7164746044333,,,94.43839432045611,99.68497178270367,112.14559325554163,True,False,True,True,True
5,2009-11-20,246156,36.72164973600289,22,0.916,259506.3316822324,94.85548903732337,,,99.84788319718251,105.39498781924819,118.56936129665421,True,False,True,True,True
6,1996-02-23,188964,31.922872622066958,24,1.0,246281.76999198436,76.72675082940574,,,80.76500087305868,85.25194536600638,95.90843853675717,True,False,True,True,True
7,1991-02-10,21015,25.6856680742509,22,0.916,181516.72233345106,11.57744571951607,,,12.186784967911652,12.863828577240078,14.471807149395085,False,False,False,False,False
8,2018-06-25,81813,8.417003466632995,23,0.958,62209.01376284836,131.5130960151297,,,138.43483791066282,146.12566223903298,164.39137001891208,True,False,True,True,True
9,2010-02-07,47712,8.49944048355307,24,1.0,65572.33338656358,72.76239465008372,,,76.59199436850919,80.84710516675969,90.95299331260466,False,False,True,True,True
10,2022-11-11,120497,5.1052725781600214,24,1.0,39386.667413246745,305.9334742280678,,,322.03523602954505,339.92608247563084,382.41684278508467,True,False,True,True,True
11,2001-10-11,262926,48.54647246931889,22,0.916,343070.56129545026,76.63904445988582,,,80.67267837882719,85.15449384431759,95.79880557485727,True,False,True,True,True
12,1983-08-10,132816,5.236421835127321,24,1.0,40398.47081582377,328.76491935921746,,,346.0683361675973,365.29435484357487,410.95614919902175,True,False,True,True,True
13,1981-02-05,148778,9.63921857061852,22,0.916,68118.89633302577,218.40929317562745,,,229.90451913223944,242.67699241736383,273.0116164695343,True,False,True,True,True
14,1985-08-27,82292,19.156845056423492,22,0.916,135378.51983603428,60.78660048851855,,,63.98589525107216,67.54066720946506,75.98325061064818,False,False,False,False,True
15,1993-07-14,155230,41.33436133175425,22,0.916,292103.6652423294,53.14209250719982,,,55.93904474442086,59.04676945244426,66.42761563399976,False,False,False,False,False
16,1992-10-27,213752,48.29444535938529,22,0.916,341289.52391685935,62.63069476813814,,,65.92704712435594,69.58966085348682,78.28836846017266,False,False,False,False,True
17,1996-07-27,289114,40.55061014563353,22,0.916,286565.0144266941,100.88949643012266,,,106.1994699264449,112.09944047791407,126.11187053765332,True,False,True,True,True
18,1996-07-03,171456,36.075210460053825,24,1.0,278316.64117826923,61.604652626638256,,,64.84700276488236,68.44961402959807,77.00581578329782,False,False,False,False,True
19,2002-09-20,125570,28.45853003361062,23,0.958,210333.41539533786,59.70045214355575,,,62.842581203742895,66.33383571506194,74.62556517944469,False,False,False,False,False
20,1986-07-07,290846,8.901734533798262,23,0.958,65791.6001010986,442.0716315655369,,,465.33855954267045,491.19070173948546,552.5895394569211,True,False,True,True,True
21,1979-07-06,20404,48.117685685176866,24,1.0,371223.133292571,5.496424702584215,,,5.785710213246542,6.1071385584269064,6.8705308782302685,False,False,False,False,False
22,1987-03-22,198998,39.12765862755567,24,1.0,301865.9735457292,65.92263369818133,,,69.3922459980856,73.24737077575702,82.40329212272665,False,False,False,False,True
23,1984-03-11,294907,33.752722340041785,23,0.958,249462.12472277842,118.21714431708759,,,124.43909928114482,131.35238257454176,147.77143039635948,True,False,True,True,True
24,1982-06-18,169456,39.15661304924824,23,0.958,289401.60114507214,58.553926215167884,,,61.635711805439875,65.0599180168532,73.19240776895985,False,False,False,False,False
25,2010-03-10,211172,37.584649817291236,23,0.958,277783.41865065246,76.02037624339822,,,80.02144867726126,84.4670847148869,95.02547030424775,True,False,True,True,True
26,1988-09-23,160932,33.67542109052691,23,0.958,248890.80091211118,64.65968184048258,,,68.06282298998167,71.84409093386954,80.82460230060322,False,False,False,False,True
27,1989-08-23,255365,49.125956008099465,23,0.958,363083.7608105973,70.3322559593105,,,74.03395364137947,78.14695106590055,87.91531994913812,False,False,False,True,True
28,2003-03-11,70612,45.65137156862112,22,0.916,322611.3221275157,21.887638516322696,,,23.03961949086599,24.319598351469658,27.359548145403366,False,False,False,False,False
29,2018-09-12,220244,34.099921360272354,24,1.0,263077.4833023652,83.71830125304378,,,88.12452763478292,93.02033472560419,104.64787656630472,True,False,True,True,True
30,2008-02-02,293060,36.192884515561616,22,0.916,255769.62803018137,114.57967165883286,,,120.61018069350828,127.3107462875921,143.2245895735411,True,False,True,True,True
31,2003-01-24,24809,7.32181129964195,23,0.958,54114.58623179216,45.8453103452259,,,48.25822141602726,50.93923371691768,57.30663793153238,False,False,False,False,False
32,2007-11-22,183273,35.146285904751764,23,0.958,259761.77771925347,70.55425998742534,,,74.26764209202668,78.39362220825038,88.19282498428167,False,False,False,True,True
33,2007-01-24,204402,6.987444696954508,23,0.958,51643.32473464789,395.7955864581762,,,416.62693311386977,439.77287384241794,494.74448307272024,True,False,True,True,True
34,2002-01-30,164528,31.471869063646896,22,0.916,222406.92753744256,73.97611298429607,,,77.8695926150485,82.1956810936623,92.47014123037009,False,False,True,True,True
35,2007-01-04,58765,49.97090748046257,22,0.916,353136.82757485495,16.640858559999238,,,17.51669322105183,18.489842844443597,20.801073199999045,False,False,False,False,False
36,2009-02-25,41949,30.011296164673084,23,0.958,221809.71453204125,18.912156344685393,,,19.90753299440568,21.01350704965044,23.640195430856743,False,False,False,False,False
37,1986-02-22,221152,26.294455313660002,22,0.916,185818.92946220966,119.014785328949,,,125.27872139889367,132.2386503654989,148.76848166118623,True,False,True,True,True
38,2022-03-20,196615,19.078468542751438,22,0.916,134824.64489579332,145.83016343337286,,,153.50543519302406,162.03351492596983,182.28770429171607,True,False,True,True,True
39,2012-05-30,112193,10.423516045390901,23,0.958,77038.89581316563,145.6316303806975,,,153.29645303231314,161.81292264521943,182.03953797587184,True,False,True,True,True
40,2001-07-07,56187,37.89606521562267,22,0.916,267805.74783531873,20.98050562923353,,,22.084742767614244,23.311672921370587,26.225632036541914,False,False,False,False,False
41,2018-10-21,158311,13.666956250353369,24,1.0,105439.2007758512,150.1443474866115,,,158.04668156485423,166.82705276290167,187.6804343582644,True,False,True,True,True
42,1987-08-16,296633,10.187690956127796,24,1.0,78597.01695743033,377.4099978382922,,,397.2736819350445,419.3444420425469,471.7624972978653,True,False,True,True,True
43,1983-05-02,209089,23.979319687873062,24,1.0,184998.05345997188,113.02227028309824,,,118.97081082431396,125.58030031455361,141.2778378538728,True,False,True,True,True
44,1989-10-15,81877,40.790382708159385,24,1.0,314693.72355517885,26.017995870719542,,,27.38736407444162,28.908884300799485,32.52249483839943,False,False,False,False,False
45,1981-10-15,114074,38.52790466540992,23,0.958,284754.89657163783,40.06041735310479,,,42.16886037168926,44.511574836783105,50.075521691380985,False,False,False,False,False
46,2010-11-24,183121,7.469717659091372,23,0.958,55207.74352786281,331.6944115051191,,,349.15201211065164,368.549346116799,414.6180143813988,True,False,True,True,True
47,2008-07-29,57131,25.481465826627023,23,0.958,188330.30835619933,30.335531491800587,,,31.93213841242167,33.70614610200065,37.91941436475073,False,False,False,False,False
48,2015-09-23,135765,28.5095559232026,24,1.0,219948.37299191573,61.72584873132482,,,64.97457761192086,68.58427636813869,77.15731091415601,False,False,False,False,True
49,2000-11-12,126884,34.004599278162,24,1.0,262342.08297109196,48.36585825766338,,,50.91142974490882,53.739842508514855,60.45732282207922,False,False,False,False,False
50,2005-07-12,145917,34.25753076994526,22,0.916,242092.77650953844,60.27317382361092,,,63.44544613011674,66.97019313734546,75.34146727951364,False,False,False,False,True
51,2014-07-23,193880,21.411376225578763,22,0.916,151310.94982152933,128.13348949873136,,,134.87735736708566,142.37054388747933,160.16686187341423,True,False,True,True,True
52,1997-10-23,35254,30.23047373015813,24,1.0,233225.08178079696,15.115869927375329,,,15.911442028816133,16.795411030417032,18.894837409219157,False,False,False,False,False
53,1994-07-13,64238,26.64778477298389,24,1.0,205584.9947450934,31.246443875755254,,,32.89099355342658,34.718270973061394,39.05805484469406,False,False,False,False,False
54,1979-06-08,21252,44.82492604354765,24,1.0,345819.8219333657,6.145396721676336,,,6.468838654396142,6.828218579640373,7.68174590209542,False,False,False,False,False
55,1990-10-04,101317,28.86193096857051,24,1.0,222666.91122942462,45.50159673055694,,,47.896417611112575,50.55732970061882,56.87699591319617,False,False,False,False,False
56,1981-09-19,98587,24.846447278667274,22,0.916,175586.07619693418,56.1473905763613,,,59.10251639616979,62.38598952929033,70.18423822045162,False,False,False,False,False
57,2010-07-28,26949,23.201845235683283,24,1.0,178999.91580877296,15.055314343717253,,,15.847699309176052,16.728127048574727,18.819142929646564,False,False,False,False,False
58,1999-11-18,258897,30.759249174505957,22,0.916,217370.95081405874,119.10377124009686,,,125.37239077904931,132.33752360010763,148.87971405012107,True,False,True,True,True
59,1981-10-10,224625,41.17896407304039,24,1.0,317691.5899270993,70.70536555643312,,,74.42670058571908,78.56151728492569,88.3817069455414,False,False,False,True,True
60,2002-05-06,158013,29.22806706713544,24,1.0,225491.6146162432,70.07488960018188,,,73.76304168440197,77.86098844464652,87.59361200022734,False,False,False,True,True
61,2004-05-14,45934,34.77448287862437,24,1.0,268281.6579602991,17.121558122619554,,,18.02269276065216,19.02395346957728,21.401947653274437,False,False,False,False,False
62,2012-05-09,276434,38.20350951079362,22,0.916,269978.4100607367,102.39115043970035,,,107.7801583575793,113.76794493300038,127.98893804962542,True,False,True,True,True
63,1996-04-29,270875,28.407564944542933,22,0.916,200751.95487623932,134.93019291741916,,,142.03178201833597,149.9224365749102,168.66274114677395,True,False,True,True,True
64,2002-06-17,90390,24.206767549468896,23,0.958,178909.17374676687,50.52284246080113,,,53.18193943242224,56.13649162311236,63.1535530760014,False,False,False,False,False
65,1998-09-23,203401,44.44994200381023,24,1.0,342926.85756519553,59.31323123658532,,,62.434980249037174,65.90359026287258,74.14153904573165,False,False,False,False,False
66,1993-06-09,273490,23.787773781255147,23,0.958,175812.4435153151,155.5578174853,,,163.74507103715789,172.8420194281111,194.44727185662492,True,False,True,True,True
67,2024-01-10,63088,25.78742827590144,23,0.958,190591.63832871043,33.10113736007301,,,34.84330248428738,36.77904151119223,41.376421700091264,False,False,False,False,False
68,2023-05-23,267940,49.56535910037997,22,0.916,350270.8786539457,76.49508318523806,,,80.52114019498744,84.99453687248673,95.61885398154757,True,False,True,True,True
69,2000-11-29,236464,5.010688560914806,22,0.916,35409.776439599096,667.7929763362189,,,702.9399750907567,741.992195929132,834.7412204202735,True,False,True,True,True
70,1986-01-09,238441,13.346280930952512,23,0.958,98640.68339852888,241.7268329707822,,,254.44929786398123,268.58536996753577,302.15854121347775,True,False,True,True,True
71,1984-07-17,145911,22.27837504638766,24,1.0,171875.43564537613,84.89345755088148,,,89.36153426408576,94.32606394542385,106.11682193860183,True,False,True,True,True
72,1986-05-16,243777,46.966545924136376,22,0.916,331905.45991750964,73.44772214973122,,,77.31339173655917,81.60858016636801,91.80965268716402,False,False,True,True,True
73,2021-03-20,296532,8.151336758636196,24,1.0,62886.74795920239,471.53336692235126,,,496.3509125498433,523.9259632470569,589.416708652939,True,False,True,True,True
74,1993-05-22,25569,5.426844513282413,24,1.0,41867.562735522486,61.07114512855561,,,64.28541592479537,67.85682792061732,76.3389314106945,False,False,False,False,True
75,1997-06-08,89836,7.370772618975287,23,0.958,54476.45318365087,164.90794600218396,,,173.58731158124627,183.23105111353772,206.13493250272992,True,False,True,True,True
76,1980-01-24,124573,8.984453477612817,23,0.958,66402.96540878883,187.60156151627532,,,197.47532791186873,208.44617946252814,234.50195189534412,True,False,True,True,True
77,2017-04-14,278090,6.691854794281739,23,0.958,49458.65694920321,562.2675930840862,,,591.860624299038,624.7417700934291,702.8344913551076,True,False,True,True,True
78,2013-09-02,163087,26.590159708542714,23,0.958,196524.52536374785,82.9855712400993,,,87.35323288431506,92.206190266777,103.73196405012412,True,False,True,True,True
79,1995-02-15,65002,31.134074325229747,22,0.916,220019.78333073092,29.543706941248015,,,31.098638885524228,32.82634104583113,36.92963367656002,False,False,False,False,False
80,1988-09-28,267666,17.22591369810518,22,0.916,121732.92065599268,219.87971582182135,,,231.4523324440225,244.31079535757928,274.8496447772767,True,False,True,True,True
81,1995-12-04,157326,22.922932278903602,23,0.958,169420.50876849584,92.86124870217314,,,97.7486828443928,103.17916522463683,116.07656087771643,True,False,True,True,True
82,2001-12-20,175286,9.126470080014357,22,0.916,64495.38048259733,271.7807053596608,,,286.0849530101692,301.97856151073415,339.72588169957595,True,False,True,True,True
83,2014-10-08,231791,20.13667087227899,23,0.958,148827.6012238183,155.74463210719566,,,163.94171800757437,173.0495912302174,194.68079013399458,True,False,True,True,True
84,2020-10-14,222846,28.513363623553538,24,1.0,219977.74901935318,101.3038823214772,,,106.63566560155493,112.55986924608577,126.62985290184649,True,False,True,True,True
85,1985-09-17,157162,37.95223132330903,24,1.0,292797.6694361968,53.675973686070265,,,56.50102493270553,59.63997076230029,67.09496710758783,False,False,False,False,False
86,2011-05-27,162709,5.150586291934065,24,1.0,39736.258183642116,409.4723746962693,,,431.0235523118624,454.96930521807695,511.84046837033657,True,False,True,True,True
87,2017-06-06,173487,26.028984494194365,23,0.958,192376.94995034116,90.1807623235438,,,94.92711823530927,100.20084702615979,112.72595290442975,True,False,True,True,True
88,2009-01-05,44071,18.3651294404697,24,1.0,141685.1371202797,31.104885731653802,,,32.741984980688216,34.560984146282,38.88110716456725,False,False,False,False,False
89,2005-09-20,78243,43.37698197613556,22,0.916,306538.55567488243,25.524684758737244,,,26.86808921972342,28.360760843041383,31.905855948421554,False,False,False,False,False
90,1992-11-01,192312,37.199899185540886,24,1.0,286993.50222652935,67.00918261494455,,,70.53598169994162,74.45464734993838,83.76147826868068,False,False,False,False,True
91,2019-12-02,277218,31.50988405119027,24,1.0,243095.6044665278,114.03661559753566,,,120.03854273424805,126.70735066392848,142.54576949691955,True,False,True,True,True
92,2001-03-13,234879,17.476954056354813,24,1.0,134832.95284937174,174.19999713452427,,,183.36841803634132,193.5555523716936,217.7499964181553,True,False,True,True,True
93,2016-09-13,48732,45.96525959258904,22,0.916,324829.5212074725,15.002331013157605,,,15.79192738227116,16.669256681286228,18.752913766447,False,False,False,False,False
94,1980-05-14,141465,7.029530474914543,23,0.958,51954.37542515964,272.28698034062705,,,286.6178740427653,302.5410892673634,340.3587254257838,True,False,True,True,True
95,1997-11-29,77108,9.926041940560182,22,0.916,70145.83360598062,109.92527429801018,,,115.71081505053704,122.13919366445576,137.40659287251273,True,False,True,True,True
96,2013-09-21,131195,22.623356324316024,23,0.958,167206.3805747941,78.46291484152685,,,82.59254193844932,87.18101649058538,98.07864355190856,True,False,True,True,True
97,1979-07-23,56668,10.599690078358535,23,0.958,78340.97592813606,72.33507028554614,,,76.1421792479433,80.37230031727348,90.41883785693267,False,False,True,True,True
98,2022-08-14,59749,48.03870639017413,24,1.0,370613.81592955434,16.121633201973502,,,16.970140212603688,17.91292577997056,20.15204150246688,False,False,False,False,False
99,2002-12-18,150560,40.90951949645225,23,0.958,302357.11218072585,49.79542201408737,,,52.41623369903934,55.328246682319296,62.244277517609206,False,False,False,False,False
100,2012-11-23,167979,16.654219322081616,22,0.916,117692.84316950155,142.72660552356288,,,150.23853213006618,158.58511724840318,178.4082569044536,True,False,True,True,True
101,2019-07-27,169849,31.48494030379604,22,0.916,222499.30000997655,76.33686937099768,,,80.35459933789227,84.81874374555296,95.42108671374707,True,False,True,True,True
102,1999-09-24,244301,49.20487317860367,23,0.958,363667.0276900138,67.17711021309299,,,70.71274759272946,74.64123357010332,83.97138776636625,False,False,False,False,True
103,1996-06-11,71745,44.78895401591763,24,1.0,345542.3013374029,20.763015041086096,,,21.855805306406413,23.07001671231788,25.95376880135761,False,False,False,False,False
104,1983-08-03,111865,32.03593008989891,24,1.0,247153.9970505611,45.26125465699647,,,47.643425954733125,50.2902829522183,56.57656832124558,False,False,False,False,False
105,1981-11-22,232890,45.66757852288717,22,0.916,322725.85421633953,72.16341577761601,,,75.96149029222737,80.18157308624,90.20426972202,False,False,True,True,True
106,2023-05-05,43624,49.51332094160115,24,1.0,381990.3197323587,11.420184687026921,,,12.021247038975705,12.689094096696577,14.27523085878365,False,False,False,False,False
107,2006-02-19,43321,38.450877030213086,23,0.958,284185.5950099745,15.243911289197998,,,16.046222409682102,16.937679210219997,19.054889111497495,False,False,False,False,False
108,2008-08-10,194293,7.924388426730231,23,0.958,58568.157973899055,331.7382801873107,,,349.19818967085337,368.5980890970119,414.6728502341383,True,False,True,True,True
109,2008-11-22,279127,23.071110639146937,22,0.916,163040.04130647852,171.20150225876364,,,180.21210764080385,190.22389139862628,214.00187782345458,True,False,True,True,True
110,2005-10-17,206717,42.70215808774604,23,0.958,315606.2784950435,65.4983801291033,,,68.94566329379295,72.77597792122589,81.87297516137913,False,False,False,False,True
111,2023-08-27,203868,15.375613811225856,22,0.916,108657.13186087934,187.62505185672046,,,197.50005458602155,208.47227984080052,234.5313148209006,True,False,True,True,True
112,2009-10-19,155504,42.37891329877811,23,0.958,313217.216923976,49.64733469225093,,,52.260352307632566,55.16370521361215,62.05916836531367,False,False,False,False,False
113,1986-05-14,115257,10.415244291574817,22,0.916,73602.95245752462,156.5929030720791,,,164.83463481271482,173.99211452453233,195.7411288400989,True,False,True,True,True
114,2017-02-18,84291,7.112541071651585,24,1.0,54872.54311368481,153.61234456614503,,,161.69720480646845,170.68038285127224,192.01543070768128,True,False,True,True,True
115,1988-12-03,230176,22.28407751710623,23,0.958,164698.8135919805,139.75571224831685,,,147.11127605085986,155.28412472035205,174.69464031039604,True,False,True,True,True
116,2023-03-25,210471,6.652937184197613,23,0.958,49171.021788906786,428.03869503375506,,,450.5670474039528,475.5985500375057,535.048368792194,True,False,True,True,True
117,2006-11-05,238803,48.07716183424965,22,0.916,339754.0141849082,70.28702827041023,,,73.98634554780024,78.09669807823359,87.85878533801278,False,False,False,True,True
118,2007-01-01,131317,42.17925631072846,22,0.916,298074.40997266135,44.05510691509683,,,46.3737967527335,48.95011879455203,55.068883643871025,False,False,False,False,False
119,2021-12-30,159789,41.03463592084438,23,0.958,303281.83193376195,52.6866376997151,,,55.45961863127906,58.54070855523901,65.85829712464387,False,False,False,False,False
120,2010-06-18,93686,33.34000653482689,22,0.916,235608.77183663097,39.76337522142895,,,41.85618444360943,44.18152802380995,49.70421902678619,False,False,False,False,False
121,1982-07-27,87661,14.734581036644908,23,0.958,108901.43483154809,80.4957254563235,,,84.73234258560367,89.43969495147056,100.61965682040437,True,False,True,True,True
122,1997-07-18,64247,28.32171650043765,24,1.0,218499.2106292264,29.40376755366014,,,30.951334267010672,32.670852837400155,36.75470944207517,False,False,False,False,False
123,2004-12-06,265121,31.877333259365347,22,0.916,225272.28154021277,117.68913520444544,,,123.88330021520572,130.76570578271713,147.1114190055568,True,False,True,True,True
124,1999-08-07,167820,28.62641753871207,23,0.958,211574.25082529453,79.31967115345043,,,83.49439068784257,88.13296794827826,99.14958894181305,True,False,True,True,True
125,1994-02-18,286765,16.71050155781873,24,1.0,128919.84846841572,222.43665611370545,,,234.14384854074254,247.15184012633938,278.0458201421318,True,False,True,True,True
126,1989-04-03,166106,28.186156594162664,24,1.0,217453.37950830552,76.38694803253479,,,80.40731371845767,84.87438670281642,95.48368504066848,True,False,True,True,True
127,2016-01-29,278930,27.103385339088195,23,0.958,200317.71143532518,139.24380325703535,,,146.57242448108985,154.7153369522615,174.05475407129418,True,False,True,True,True
128,1980-10-22,156194,49.835109911302595,22,0.916,352177.1667405129,44.35097296216397,,,46.685234697014714,49.27885884684886,55.43871620270496,False,False,False,False,False
129,1984-06-18,58638,45.38462666207917,23,0.958,335432.06627339305,17.481334045209394,,,18.401404258115154,19.423704494677104,21.851667556511742,False,False,False,False,False
130,2000-11-17,138033,25.852133669702898,24,1.0,199446.62604839087,69.20798949314371,,,72.85051525594075,76.89776610349301,86.50998686642963,False,False,False,True,True
131,1988-01-15,125977,33.032182232080345,23,0.958,244136.703428781,51.601008054386924,,,54.31685058356518,57.33445339376324,64.50126006798365,False,False,False,False,False
132,2016-10-18,108869,38.654222184150285,22,0.916,273163.52819530695,39.854881330336546,,,41.95250666351215,44.28320147815171,49.81860166292068,False,False,False,False,False
133,1997-01-08,125186,6.568932210522121,24,1.0,50678.65511095711,247.019183373976,,,260.0201930252379,274.4657593044178,308.77397921747,True,False,True,True,True
134,2010-11-20,186926,45.271464855252795,23,0.958,334595.7015948946,55.86622873784467,,,58.80655656615228,62.073587486494084,69.83278592230583,False,False,False,False,False
135,1983-06-22,66271,43.70570673880657,22,0.916,308861.6037380044,21.45653561269959,,,22.585826960736412,23.840595125221764,26.820669515874485,False,False,False,False,False
136,1991-12-18,161339,25.584444399816828,24,1.0,197381.43010014683,81.739705664378,,,86.04179543618736,90.82189518264221,102.17463208047246,True,False,True,True,True
137,2018-11-04,241897,22.602639473617092,22,0.916,159729.42659990778,151.4417256413914,,,159.412342780412,168.26858404599045,189.30215705173924,True,False,True,True,True
138,2016-12-26,21062,17.283171868534172,24,1.0,133337.94264855428,15.7959539360182,,,16.627319932650735,17.551059928909112,19.74494242002275,False,False,False,False,False
139,1981-05-01,267736,26.45045727486658,23,0.958,195492.00225101368,136.9549633320673,,,144.16311929691295,152.17218148007478,171.1937041650841,True,False,True,True,True
140,1995-01-09,70448,6.996949858995655,22,0.916,49446.38391592367,142.47351256218553,,,149.9721184865111,158.30390284687283,178.09189070273192,True,False,True,True,True
141,1999-03-26,115462,43.34870900061535,24,1.0,334430.95506884734,34.524914111563184,,,36.34201485427703,38.36101567951465,43.15614263945397,False,False,False,False,False
142,2017-03-08,265885,6.594006578834528,22,0.916,46598.84484122626,570.5828135996411,,,600.6134879996222,633.9809039996012,713.2285169995513,True,False,True,True,True
143,1994-11-06,67915,19.807311441644195,22,0.916,139975.26716968496,48.519285851885584,,,51.07293247566903,53.910317613206196,60.64910731485698,False,False,False,False,False
144,1992-06-29,286776,46.92152697435455,23,0.958,346791.1031393611,82.69416297129068,,,87.0464873382007,91.88240330143408,103.36770371411335,True,False,True,True,True
145,1979-07-19,124592,38.084569453555375,22,0.916,269137.8787075467,46.293000672486315,,,48.72947439209086,51.436667413873685,57.86625084060789,False,False,False,False,False
146,2010-05-02,154668,17.662593225988704,24,1.0,136265.14047918026,113.50518515308138,,,119.47914226640147,126.11687239231266,141.88148144135172,True,False,True,True,True
147,2013-09-24,128099,16.36920922823983,24,1.0,126286.81227494744,101.43497780362618,,,106.77366084592228,112.70553089291798,126.79372225453271,True,False,True,True,True
148,1991-01-04,27561,5.228696291811168,24,1.0,40338.86902169398,68.32368053050241,,,71.91966371631833,75.91520058944712,85.40460066312802,False,False,False,True,True
149,1985-05-13,102152,36.30714317823876,24,1.0,280105.9789057942,36.46905374852993,,,38.38847763003151,40.521170831699926,45.58631718566241,False,False,False,False,False
150,2000-11-27,145036,7.195261175292789,23,0.958,53179.27018273315,272.7303317658014,,,287.08455975347516,303.03370196200154,340.9129147072517,True,False,True,True,True
151,2000-04-14,46734,28.967113373034294,22,0.916,204706.198792846,22.829792295294794,,,24.031360310836625,25.36643588366088,28.53724036911849,False,False,False,False,False
152,1979-07-14,46069,48.295488766642244,23,0.958,356945.88190176594,12.906438296626298,,,13.585724522764522,14.340486996251443,16.13304787078287,False,False,False,False,False
153,1984-04-11,230977,9.926098702450425,22,0.916,70146.23473365385,329.27925622383384,,,346.6097433935093,365.8658402487042,411.5990702797922,True,False,True,True,True
154,2011-03-25,32910,45.25159689356303,22,0.916,319786.17510472087,10.291251643140267,,,10.832896466463438,11.434724047933631,12.864064553925333,False,False,False,False,False
155,2020-04-19,101264,49.616390081527165,22,0.916,350631.50686141616,28.880462256925377,,,30.400486586237243,32.089402507694864,36.10057782115672,False,False,False,False,False
156,2004-07-24,43275,7.768266180765577,23,0.958,57414.27809415284,75.37323717461702,,,79.3402496574916,83.74804130513002,94.21654646827126,True,False,True,True,True
157,2010-09-21,92274,44.73078211118576,22,0.916,316105.65599318175,29.19087281437011,,,30.72723454144223,32.434303127077904,36.48859101796264,False,False,False,False,False
158,2021-12-31,211076,28.22355591996275,23,0.958,208596.75128110993,101.18853659209148,,,106.51424904430684,112.43170732454611,126.48567074011436,True,False,True,True,True
159,1986-09-09,214053,45.793117375006105,24,1.0,353289.32123643457,60.58858480376984,,,63.77745768817877,67.3206497819665,75.73573100471228,False,False,False,False,True
160,2017-12-27,205625,30.709352386380836,24,1.0,236919.58272568948,86.7910527421775,,,91.35900288650262,96.43450304686387,108.48881592772186,True,False,True,True,True
161,1996-11-30,68447,34.79504045479541,22,0.916,245891.2759659062,27.83628647707308,,,29.301354186392714,30.929207196747864,34.795358096341346,False,False,False,False,False
162,1984-06-06,95703,29.470050859882967,23,0.958,217809.43857299682,43.938867216686766,,,46.25143917545975,48.820963574096396,54.92358402085845,False,False,False,False,False
163,2001-10-27,299404,43.90217961383068,24,1.0,338700.9255027423,88.39775077543325,,,93.05026397414026,98.21972308381473,110.49718846929157,True,False,True,True,True
164,2010-03-27,132581,38.02594635291658,23,0.958,281044.9858303552,47.174298309676566,,,49.65715611544902,52.41588701075174,58.96787288709571,False,False,False,False,False
165,1986-12-18,285956,28.45671404811867,23,0.958,210319.99367501782,135.9623471850486,,,143.118260194788,151.06927465005398,169.95293398131076,True,False,True,True,True
166,1983-09-28,209728,44.06723618231961,22,0.916,311416.4775074475,67.3464685230037,,,70.89101949789863,74.82940947000412,84.18308565375462,False,False,False,False,True
167,2002-10-04,136421,16.037848951490055,24,1.0,123730.40087585062,110.25665401091116,,,116.0596358009591,122.50739334545683,137.82081751363893,True,False,True,True,True
168,1994-10-05,21605,12.08032968661367,22,0.916,85369.85851731832,25.307527006873464,,,26.639502112498388,28.119474452081626,31.63440875859183,False,False,False,False,False
169,1985-07-10,92303,12.218004739853244,22,0.916,86342.78724702432,106.90296542770119,,,112.52943729231704,118.78107269744578,133.62870678462647,True,False,True,True,True
170,2009-05-31,178211,20.030399543535705,24,1.0,154532.5294384236,115.32264478399775,,,121.39225766736605,128.1362719822197,144.15330597999719,True,False,True,True,True
171,1991-12-17,207210,15.741051408545788,24,1.0,121440.6375117899,170.62657463395092,,,179.60692066731676,189.58508292661216,213.28321829243865,True,False,True,True,True
172,1983-12-05,281949,46.85406577293824,23,0.958,346292.5058863123,81.41931898825548,,,85.70454630342681,90.46590998695054,101.77414873531936,True,False,True,True,True
173,2001-04-27,164990,9.76253422228628,24,1.0,75316.97527151642,219.06084173616085,,,230.59035972227457,243.40093526240096,273.826052170201,True,False,True,True,True
174,2001-03-23,178518,36.45458321178144,23,0.958,269431.23853170854,66.25735047385412,,,69.74457944616222,73.61927830428235,82.82168809231763,False,False,False,False,True
175,1997-02-08,144040,13.514969290325265,23,0.958,99887.4378416573,144.20231724066628,,,151.79191288491185,160.22479693407362,180.25289655083284,True,False,True,True,True
176,2018-01-10,164118,44.673670974665754,23,0.958,330177.4822259459,49.70599415004665,,,52.32209910531226,55.22888238894071,62.13249268755832,False,False,False,False,False
177,2018-08-27,251966,48.25918796832083,24,1.0,372314.80925679835,67.67552451189508,,,71.23739422304746,75.19502723543899,84.59440563986884,False,False,False,True,True
178,2024-07-26,286468,25.946150394649262,22,0.916,183357.5114025865,156.23466844018202,,,164.4575457265074,173.59407604464667,195.2933355502275,True,False,True,True,True
179,2017-07-12,291255,44.55821661026592,23,0.958,329324.1735428258,88.44021283549195,,,93.0949608794652,98.2669031505466,110.55026604436493,True,False,True,True,True
180,2004-03-15,36389,5.231532683962165,22,0.916,36970.44837720573,98.42726176519886,,,103.60764396336724,109.36362418355428,123.03407720649857,True,False,True,True,True
181,2023-10-25,142177,41.897611283364505,22,0.916,296084.0672616664,48.01913230756522,,,50.54645506059497,53.35459145285025,60.02391538445654,False,False,False,False,False
182,2011-05-25,179818,15.288132268621558,24,1.0,117946.41163918845,152.45737237863906,,,160.48144460909373,169.39708042071004,190.57171547329878,True,False,True,True,True
183,2015-01-17,142883,45.89155891712156,22,0.916,324308.6897069662,44.05771554536636,,,46.376542679333006,48.95301727262929,55.07214443170794,False,False,False,False,False
184,1984-08-08,238958,5.050405016604927,22,0.916,35690.44661094651,669.5293073937324,,,704.7676919934025,743.9214526597028,836.9116342421655,True,False,True,True,True
185,1993-11-03,258213,30.028178076789064,24,1.0,231664.39104461993,111.45994377282898,,,117.32625660297786,123.84438196980996,139.3249297160362,True,False,True,True,True
186,2018-12-08,132221,39.04861117032206,23,0.958,288603.37284456514,45.81408688914078,,,48.22535462014819,50.9045409879342,57.26760861142598,False,False,False,False,False
187,1998-08-04,295378,16.64097488140586,22,0.916,117599.2467151032,251.17337759448824,,,264.3930290468297,279.0815306605425,313.96672199311035,True,False,True,True,True
188,2007-01-19,280669,13.690978906428187,24,1.0,105624.53316520281,265.7233046048285,,,279.70874168929316,295.2481162275872,332.1541307560356,True,False,True,True,True
189,1999-04-03,254936,8.78442010105931,22,0.916,62078.16513609882,410.66935441968025,,,432.2835309680844,456.2992826885335,513.3366930246002,True,False,True,True,True
190,2006-01-10,20846,19.689510942648184,22,0.916,139142.7889018358,14.981732193614933,,,15.770244414331511,16.646369104016593,18.727165242018664,False,False,False,False,False
191,2020-06-22,30954,30.192994053897326,23,0.958,223152.62077370312,13.871224049566571,,,14.601288473227973,15.412471166185082,17.339030061958216,False,False,False,False,False
192,1982-02-25,264761,10.212973555111596,22,0.916,72173.53582718268,366.8394474034944,,,386.1467867405204,407.5993860038826,458.549309254368,True,False,True,True,True
193,1991-04-24,157541,21.951291289405944,24,1.0,169352.01716863792,93.02575938208241,,,97.92185198113937,103.36195486898046,116.28219922760302,True,False,True,True,True
194,1996-03-24,84323,5.408258209372623,22,0.916,38219.34087369179,220.6291319326325,,,232.24119150803423,245.14347992514723,275.7864149157906,True,False,True,True,True
195,2012-05-07,111922,41.84057392249288,23,0.958,309238.4183169454,36.19278633267638,,,38.097669823869865,40.21420703630708,45.24098291584547,False,False,False,False,False
196,2014-03-29,209139,10.780192314193611,23,0.958,79675.04524601184,262.4899670332707,,,276.3052284560744,291.65551892585637,328.1124587915883,True,False,True,True,True
197,1994-02-27,200448,17.750432671951174,24,1.0,136942.8130208361,146.3735084582361,,,154.07737732445906,162.63723162026236,182.96688557279512,True,False,True,True,True
198,2005-05-18,196659,5.829247343219786,23,0.958,43083.233794421656,456.462950154552,,,480.48731595215986,507.1810557272799,570.57868769319,True,False,True,True,True
199,2021-08-31,255659,24.450835275163055,22,0.916,172790.3461429496,147.95907624867718,,,155.74639605123915,164.3989736096413,184.94884531084645,True,False,True,True,True
200,1985-12-29,124537,42.80546762335484,23,0.958,316369.8262763886,39.36437348206569,,,41.43618261270072,43.73819275785076,49.20546685258211,False,False,False,False,False
201,1994-04-21,261983,22.646804515033846,24,1.0,174717.8321530346,149.9463430673351,,,157.83825586035275,166.60704785259455,187.43292883416888,True,False,True,True,True
202,2024-02-13,62533,13.077379554072502,23,0.958,96653.26714980196,64.69827854145966,,,68.10345109627333,71.8869761571774,80.87284817682458,False,False,False,False,True
203,1985-01-06,283972,38.91644753227337,23,0.958,287626.56802193285,98.72940526771707,,,103.92568975549166,109.6993391863523,123.41175658464634,True,False,True,True,True
204,2017-10-17,21917,40.49631418418349,23,0.958,299303.16369897575,7.3226756874655115,,,7.708079671016328,8.136306319406124,9.15334460933189,False,False,False,False,False
205,1987-02-06,52254,12.818906388840507,24,1.0,98896.58089926562,52.83701370143932,,,55.617909159409805,58.70779300159925,66.04626712679915,False,False,False,False,False
206,2017-11-21,281987,39.68843488434454,23,0.958,293332.229425082,96.1322935951095,,,101.19188799485211,106.81365955012166,120.16536699388686,True,False,True,True,True
207,2011-10-06,67362,47.62840497153521,23,0.958,352015.5494912713,19.13608648747215,,,20.14324893418121,21.2623183194135,23.920108109340184,False,False,False,False,False
208,1986-11-06,262353,12.486991411952255,22,0.916,88243.67528036854,297.3051600201939,,,312.95280002125685,330.3390666891044,371.63145002524243,True,False,True,True,True
209,2017-04-20,210455,39.6942931639461,24,1.0,306237.50233052776,68.72280448945538,,,72.33979419942673,76.35867165495044,85.90350561181924,False,False,False,True,True
210,1994-08-06,85545,36.88574020711832,23,0.958,272617.8656446934,31.379088013069538,,,33.03061896112583,34.865653347855044,39.22386001633692,False,False,False,False,False
211,1989-11-28,102180,26.31082497957898,24,1.0,202985.38363495388,50.338599839168275,,,52.987999830703444,55.93177759907586,62.923249798960335,False,False,False,False,False
212,2015-10-22,107958,7.606420725145924,23,0.958,56218.09869182629,192.03424255202768,,,202.14130794950282,213.3713806133641,240.04280319003462,True,False,True,True,True
213,1982-04-30,25287,8.36124879910343,23,0.958,61796.93802907452,40.9195031444808,,,43.073161204716634,45.46611460497867,51.14937893060101,False,False,False,False,False
214,1991-12-16,277665,43.35865966393914,23,0.958,320458.3990567885,86.64619208523068,,,91.20651798445336,96.27354676136741,108.30774010653835,True,False,True,True,True
215,2009-12-02,28512,49.55667677377912,22,0.916,350209.5219680981,8.141411986678438,,,8.569907354398357,9.046013318531598,10.176764983348049,False,False,False,False,False
216,1991-06-19,152414,35.42235157340395,22,0.916,250324.38854074717,60.88659634344435,,,64.09115404573089,67.65177371493817,76.10824542930543,False,False,False,False,True
217,2004-01-13,128872,25.068123815464467,22,0.916,177152.63067631697,72.7463089359748,,,76.57506203786821,80.8292321510831,90.93288616996848,False,False,True,True,True
218,2001-01-12,267754,34.14081395308584,24,1.0,263392.9655666619,101.65571408634844,,,107.00601482773517,112.95079342927603,127.06964260793552,True,False,True,True,True
219,2013-12-02,113070,31.74781366528454,24,1.0,244931.2076463037,46.16398256741554,,,48.59366586043741,51.29331396379505,57.70497820926943,False,False,False,False,False
220,1997-11-12,99767,22.26255171825298,22,0.916,157326.07799005334,63.41415312362112,,,66.75174013012749,70.4601701373568,79.26769140452639,False,False,False,False,True
221,2018-05-06,117829,7.953176505830583,24,1.0,61357.96142483236,192.0353891554048,,,202.14251490042616,213.3726546171165,240.044236444256,True,False,True,True,True
222,2018-11-14,62078,41.968082633334845,23,0.958,310180.81915818254,20.013487670990436,,,21.066829127358353,22.237208523322703,25.016859588738043,False,False,False,False,False
223,1988-05-26,103524,21.732508815742605,23,0.958,160622.23870754454,64.4518472865348,,,67.84404977529978,71.61316365170534,80.56480910816849,False,False,False,False,True
224,2002-12-17,247645,41.845353951069214,23,0.958,309273.74690682546,80.07307522115924,,,84.28744760122025,88.97008357906581,100.09134402644904,True,False,True,True,True
225,2008-03-23,32219,16.3628937359772,22,0.916,115634.08941746049,27.862890746415996,,,29.329358680437895,30.958767496017774,34.828613433019996,False,False,False,False,False
226,1995-02-18,282379,5.046326593053503,24,1.0,38931.905032748466,725.3151361652363,,,763.4896170160382,805.9057068502625,906.6439202065453,True,False,True,True,True
227,2024-06-19,147309,12.152222747454044,22,0.916,85877.91587928921,171.5330402370953,,,180.5610949864161,190.59226693010586,214.41630029636906,True,False,True,True,True
228,2021-10-20,159639,26.084273754586295,24,1.0,201237.5635892578,79.32862888652149,,,83.50381988054892,88.14292098502386,99.16078610815185,True,False,True,True,True
229,1998-03-21,216513,47.493663573102346,23,0.958,351019.69276592194,61.681154779080174,,,64.92753134640019,68.53461642120018,77.10144347385022,False,False,False,False,True
230,2004-01-18,268320,9.598712886217355,22,0.916,67832.64880202449,395.5617313177838,,,416.38076980819346,439.51303479753744,494.45216414722967,True,False,True,True,True
231,1994-04-29,156487,43.43943985077047,24,1.0,335130.9345047091,46.694286885593705,,,49.1518809322039,51.882540983992996,58.36785860699213,False,False,False,False,False
232,2000-11-19,187231,28.716084329533793,24,1.0,221541.71899392025,84.51275039765227,,,88.96078989226555,93.90305599739142,105.64093799706534,True,False,True,True,True
233,2003-08-27,63925,42.16643446099535,23,0.958,311646.81256376137,20.512001863301993,,,21.59158090873894,22.791113181446658,25.640002329127494,False,False,False,False,False
234,2014-06-09,157023,18.42684939454967,22,0.916,130219.75116091431,120.58309019955395,,,126.92956863110942,133.98121133283772,150.72886274944244,True,False,True,True,True
235,1991-09-14,107388,42.79762241026123,22,0.916,302444.30945375876,35.506702107886326,,,37.37547590303823,39.451891230984806,44.3833776348579,False,False,False,False,False
236,2009-12-18,28007,39.777025100756205,22,0.916,281098.2061900388,9.963421816027395,,,10.487812437923575,11.070468684474884,12.454277270034245,False,False,False,False,False
237,2000-01-07,277802,15.352415736414526,23,0.958,113467.77337394012,244.82898689171085,,,257.71472304390613,272.03220765745647,306.03623361463855,True,False,True,True,True
238,2001-06-19,78596,10.910080688422013,22,0.916,77099.886256846,101.94048761391157,,,107.30577643569639,113.26720845990175,127.42560951738946,True,False,True,True,True
239,2008-05-01,275266,44.06244451395318,23,0.958,325659.98434710805,84.52558288727451,,,88.97429777607843,93.91731431919389,105.65697860909313,True,False,True,True,True
240,1988-06-03,35524,48.34564940480593,23,0.958,357316.6128682255,9.941883114486162,,,10.46514012051175,11.046536793873512,12.427353893107702,False,False,False,False,False
241,2008-06-11,175002,6.40860411863823,23,0.958,47365.18683845703,369.4738935515215,,,388.91988794897,410.52654839057936,461.8423669394018,True,False,True,True,True
242,2018-07-06,145501,37.90715301381585,24,1.0,292449.8947862879,49.75245421316599,,,52.37100443491157,55.28050468129554,62.190567766457484,False,False,False,False,False
243,1981-11-23,168056,45.928602992651825,22,0.916,324570.47457285674,51.77796909012322,,,54.50312535802444,57.53107676680358,64.72246136265402,False,False,False,False,False
244,1988-05-10,34060,43.58120414416244,22,0.916,307981.76277624775,11.05909638706269,,,11.641154091644937,12.2878848745141,13.823870483828363,False,False,False,False,False
245,1979-10-26,234057,48.40342125215938,23,0.958,357743.59732431645,65.42590887736085,,,68.86937776564301,72.69545430817873,81.78238609670106,False,False,False,False,True
246,2013-02-16,210279,39.20423352971437,23,0.958,289753.55812554085,72.57167137491817,,,76.39123302622964,80.63519041657572,90.7145892186477,False,False,True,True,True
247,1980-11-27,226118,24.903444307140962,22,0.916,175988.86555640821,128.48426477726474,,,135.24659450238394,142.7602941969608,160.6053309715809,True,False,True,True,True
248,1979-07-07,180359,19.03783957228087,23,0.958,140706.2773185097,128.18120373672485,,,134.92758288076303,142.42355970747207,160.22650467090608,True,False,True,True,True
249,2007-09-20,59711,19.433423319715736,22,0.916,137333.05649345584,43.4789711411144,,,45.76733804327832,48.30996793457156,54.34871392639301,False,False,False,False,False
250,1987-02-20,163026,37.59902026763526,24,1.0,290072.68146277923,56.2017764575044,,,59.159764692109896,62.446418286116,70.25222057188049,False,False,False,False,False
251,1995-09-13,238134,38.56266554139339,23,0.958,285011.80983311345,83.55232723143563,,,87.94981813835331,92.83591914603959,104.44040903929455,True,False,True,True,True
252,1983-12-19,122974,14.01616145969207,22,0.916,99050.08818556656,124.1533473141517,,,130.68773401489656,137.94816368239077,155.1916841426896,True,False,True,True,True
253,1980-07-20,169646,44.06552660707389,23,0.958,325682.76370963594,52.08933935209685,,,54.830883528523,57.877043724552045,65.11167419012106,False,False,False,False,False
254,1993-11-22,170168,37.17158180910114,22,0.916,262685.93343311554,64.78001991809272,,,68.1894946506239,71.9777999089919,80.97502489761588,False,False,False,False,True
255,1984-03-07,87728,30.32376288545222,22,0.916,214293.4352290374,40.93825828413086,,,43.092903456979855,45.48695364903429,51.17282285516358,False,False,False,False,False
256,1989-07-27,185088,26.21896070461307,23,0.958,193781.04022253855,95.51398825573676,,,100.54104026919659,106.12665361748527,119.39248531967093,True,False,True,True,True
257,2014-05-07,31246,29.445476260548116,24,1.0,227168.90480250266,13.754523325789162,,,14.478445606093853,15.28280369532129,17.19315415723645,False,False,False,False,False
258,1999-05-28,112263,12.166058222566901,22,0.916,85975.68908445376,130.5752837755383,,,137.44766713214557,145.083648639487,163.2191047194229,True,False,True,True,True
259,1989-12-25,31302,14.166556217432339,22,0.916,100112.90513867178,31.266698290936535,,,32.91231399045951,34.74077587881837,39.08337286367067,False,False,False,False,False
260,2009-05-13,61157,9.102402068278625,22,0.916,64325.29549237149,95.07457296834768,,,100.0784978614186,105.6384144092752,118.8432162104346,True,False,True,True,True
261,1987-03-26,74917,11.914611717250072,24,1.0,91920.03793741258,81.50235974773011,,,85.7919576291896,90.55817749747791,101.87794968466264,True,False,True,True,True
262,2024-04-09,243810,25.41621355723772,24,1.0,196083.5459727333,124.33985666186564,,,130.8840596440691,138.15539629096182,155.42482082733204,True,False,True,True,True
263,2008-05-14,116646,28.865947717771526,23,0.958,213344.58824582642,54.674927992827534,,,57.55255578192372,60.7499199920306,68.34365999103441,False,False,False,False,False
264,1982-11-07,287552,5.803785161524372,24,1.0,44775.62214264437,642.2065986798094,,,676.0069459787467,713.5628874220104,802.7582483497616,True,False,True,True,True
265,2012-07-12,79379,40.85590225388124,23,0.958,301960.8338859327,26.2878463337354,,,27.671417193405684,29.208718148594887,32.85980791716925,False,False,False,False,False
266,1981-02-20,45053,18.237558800456505,23,0.958,134791.50280927692,33.424213738270794,,,35.183382882390305,37.13801526474533,41.780267172838485,False,False,False,False,False
267,2001-02-27,151994,46.032621573195996,24,1.0,355137.07217504975,42.79868589024156,,,45.05124830551743,47.55409543360173,53.498357362801954,False,False,False,False,False
268,1999-09-10,118723,48.538006862619994,23,0.958,358738.3026403611,33.09459824227943,,,34.836419202399405,36.771775824754926,41.36824780284929,False,False,False,False,False
269,2013-04-22,71356,13.345649360449446,24,1.0,102960.35025093143,69.30434854397213,,,72.95194583576013,77.00483171552457,86.63043567996515,False,False,False,True,True
270,1999-02-05,292933,25.794378084454728,23,0.958,190643.00348944185,153.6552585923895,,,161.74237746567317,170.728065102655,192.06907324048686,True,False,True,True,True
271,1998-09-21,52154,5.055432582489165,24,1.0,39002.15683064566,133.72080991946675,,,140.7587472836492,148.5786776882964,167.15101239933347,True,False,True,True,True
272,1994-11-16,233942,31.924726930509213,24,1.0,246296.0757961855,94.98405496057975,,,99.98321574797868,105.5378388450886,118.73006870072467,True,False,True,True,True
273,1995-05-20,284480,32.3287901718202,23,0.958,238938.02119811947,119.06016404317612,,,125.32648846650119,132.28907115908459,148.82520505397014,True,False,True,True,True
274,2008-02-22,52265,16.139298002151882,22,0.916,114053.97226363023,45.824795895045185,,,48.2366272579423,50.91643988338353,57.28099486880648,False,False,False,False,False
275,2002-11-09,263322,30.12857026624391,23,0.958,222676.4726636692,118.25317549273461,,,124.47702683445752,131.3924172141496,147.81646936591827,True,False,True,True,True
276,2012-09-24,194944,15.149306409968094,24,1.0,116875.38402226285,166.7964572958035,,,175.57521820610896,185.32939699533725,208.49557161975434,True,False,True,True,True
277,1992-01-30,66197,12.237146108518553,22,0.916,86478.05639755056,76.54774258071205,,,80.57657113759164,85.05304731190229,95.68467822589007,True,False,True,True,True
278,1985-06-23,174782,34.318376006101914,23,0.958,253642.79980939763,68.90871735028222,,,72.53549194766549,76.56524150031359,86.13589668785278,False,False,False,True,True
279,2011-12-15,180558,19.666645877843372,23,0.958,145353.70561908893,124.21974330201581,,,130.7576245284377,138.02193700223978,155.2746791275198,True,False,True,True,True
280,1997-03-19,91907,31.561877249853012,23,0.958,233269.86426950555,39.39943133580956,,,41.47308561664164,43.77714592867729,49.24928916976195,False,False,False,False,False
281,2001-05-15,222967,24.4961037037245,22,0.916,173110.25126489956,128.80057557007865,,,135.57955323166175,143.1117506334207,161.0007194625983,True,False,True,True,True
282,1991-04-20,252604,49.295813333130674,24,1.0,380312.2702837698,66.42015515605627,,,69.91595279584871,73.80017239561806,83.02519394507034,False,False,False,False,True
283,2008-10-25,84772,11.73112892004046,23,0.958,86703.29807200089,97.77252063653094,,,102.91844277529572,108.63613404058994,122.21565079566368,True,False,True,True,True
284,2015-09-09,146108,25.90693684861146,23,0.958,191474.9111554317,76.30660284333301,,,80.32273983508738,84.78511427037,95.38325355416625,True,False,True,True,True
285,2014-12-01,34382,35.620548186169636,23,0.958,263266.99057901796,13.059745896886552,,,13.747100944091105,14.51082877431839,16.32468237110819,False,False,False,False,False
286,2009-01-06,104291,22.799528774598592,23,0.958,168508.44899233835,61.89066520026058,,,65.14806863185323,68.76740577806731,77.36333150032573,False,False,False,False,True
287,1981-04-30,154828,48.86149333418104,23,0.958,361129.1504570706,42.873304413127194,,,45.129794119081254,47.637004903474654,53.59163051640898,False,False,False,False,False
288,2006-02-12,167550,37.48494325671208,24,1.0,289192.588731208,57.93716939120126,,,60.98649409600133,64.3746326568903,72.42146173900159,False,False,False,False,False
289,1992-01-27,252050,34.56427359040219,24,1.0,266659.91432259383,94.52114339730892,,,99.4959404182199,105.02349266367656,118.15142924663613,True,False,True,True,True
290,2020-12-26,150330,39.06766704250505,23,0.958,288744.21239864087,52.0633812020634,,,54.803559160066726,57.848201335625994,65.07922650257925,False,False,False,False,False
291,1985-10-24,91315,47.86918871174227,22,0.916,338284.2996568739,26.993567272445684,,,28.414281339416508,29.992852524939646,33.7419590905571,False,False,False,False,False
292,2020-12-16,34153,45.8518393843088,24,1.0,353742.35566600395,9.654766937846295,,,10.162912566153995,10.727518819829216,12.068458672307868,False,False,False,False,False
293,2018-12-18,96325,37.592838865688535,22,0.916,265662.89318944886,36.25835691374066,,,38.16669148814806,40.287063237489626,45.32294614217583,False,False,False,False,False
294,1987-05-07,260773,38.71227375955774,24,1.0,298661.320827612,87.31395122655296,,,91.90942234373996,97.01550136283662,109.14243903319121,True,False,True,True,True
295,2022-09-28,75318,11.566493331581546,23,0.958,85486.49714885808,88.10514234645547,,,92.74225510153207,97.89460260717273,110.13142793306932,True,False,True,True,True
296,2023-11-11,96077,9.625658202169955,24,1.0,74260.99046392099,129.37748257839104,,,136.18682376672743,143.7527584204345,161.72185322298878,True,False,True,True,True
297,1981-05-23,153515,30.690702582987395,23,0.958,226831.1219004749,67.6781028607515,,,71.24010827447526,75.19789206750166,84.59762857593937,False,False,False,True,True
298,1990-05-02,226988,5.8265436623243,24,1.0,44951.20170046574,504.9653655814238,,,531.5424900857091,561.0726284238041,631.2067069767796,True,False,True,True,True
299,2020-08-12,145885,26.70603716982162,23,0.958,197380.96110267562,73.91037067861478,,,77.80039018801556,82.12263408734975,92.38796334826846,False,False,True,True,True
300,1998-01-24,37368,14.465731096349087,23,0.958,106914.39874414417,34.95132595696956,,,36.79086942838901,38.83480661885507,43.689157446211944,False,False,False,False,False
301,1998-05-17,166400,20.570745544017782,23,0.958,152035.79251604597,109.44791173594075,,,115.20832814309551,121.60879081771195,136.80988966992592,True,False,True,True,True
302,2000-11-10,208014,39.91121311068302,23,0.958,294978.75527044886,70.51829878707166,,,74.22978819691753,78.3536653189685,88.14787348383956,False,False,False,True,True
303,1997-08-10,111751,47.355687690457394,22,0.916,334655.4657862085,33.392850685245065,,,35.150369142363225,37.10316742805008,41.74106335655633,False,False,False,False,False
304,1991-03-21,250203,8.258732246585367,23,0.958,61039.25108599583,409.9050947520616,,,431.4790471074333,455.4501052800685,512.381368440077,True,False,True,True,True
305,2015-09-23,190987,29.04089926894003,22,0.916,205227.63253327005,93.06105500634206,,,97.95900526983377,103.40117222926897,116.32631875792758,True,False,True,True,True
306,2001-09-30,231951,44.714006861882,22,0.916,315987.1078494798,73.40520997156936,,,77.26864207533617,81.56134441285484,91.7565124644617,False,False,True,True,True
307,2017-08-04,215716,8.712884049818957,23,0.958,64395.82993139844,334.98442403771264,,,352.6151831975922,372.20491559745847,418.7305300471407,True,False,True,True,True
308,1993-03-02,80279,42.10313211035752,22,0.916,297536.4517890687,26.981231885131123,,,28.401296721190654,29.97914653903459,33.72653985641391,False,False,False,False,False
309,2018-01-15,20126,21.101060791772213,24,1.0,162792.57390244343,12.36297179751018,,,13.013654523694926,13.736635330566868,15.453714746887727,False,False,False,False,False
310,2001-09-27,47632,19.49426159987009,23,0.958,144079.63510653054,33.05949516375548,,,34.799468593426816,36.73277240417275,41.32436895469434,False,False,False,False,False
311,1995-04-13,216382,48.98598738416536,22,0.916,346176.5465682092,62.506256459336704,,,65.79605943088075,69.45139606592969,78.13282057417089,False,False,False,False,True
312,1982-02-21,129945,14.038659043803237,23,0.958,103757.96292944202,125.23858056886277,,,131.83008480932924,139.15397840984753,156.54822571107846,True,False,True,True,True
313,1984-04-12,270869,36.19372733702065,23,0.958,267503.2855770206,101.25819554541894,,,106.58757425833574,112.50910616157661,126.57274443177369,True,False,True,True,True
314,2004-03-11,237138,41.96483276044399,23,0.958,310156.7997564802,76.45745641758911,,,80.48153307114643,84.95272935287679,95.57182052198638,True,False,True,True,True
315,1981-12-14,195399,6.853257287567225,22,0.916,48430.93029743279,403.4591092923062,,,424.69379925505916,448.2878992136736,504.3238866153827,True,False,True,True,True
316,2015-09-13,154869,35.16734562594855,24,1.0,271312.5547696304,57.0813982904323,,,60.085682410981356,63.42377587825809,71.35174786304034,False,False,False,False,False
317,2000-05-12,198954,47.819748845989714,24,1.0,368924.580371926,53.92809549296699,,,56.766416308386304,59.920106103296646,67.41011936620872,False,False,False,False,False
318,1993-05-01,164790,10.58989850276267,22,0.916,74837.20729041076,220.19795495644493,,,231.7873210067841,244.6643943960499,275.2474436955561,True,False,True,True,True
319,2013-12-20,54560,45.32995862082672,23,0.958,335028.0216577358,16.28520495988196,,,17.142321010402064,18.094672177646622,20.35650619985245,False,False,False,False,False
320,2023-06-20,152717,31.764948681962125,22,0.916,224478.07676920615,68.03203332725171,,,71.61266666026495,75.59114814139079,85.04004165906463,False,False,False,True,True
321,2015-02-02,198595,32.74720618381133,22,0.916,231419.54162453717,85.81600266161065,,,90.3326343806428,95.35111406845628,107.27000332701331,True,False,True,True,True
322,1988-02-23,144085,32.58248786895227,22,0.916,230255.50226472475,62.57613763094594,,,65.86961855889047,69.52904181216215,78.2201720386824,False,False,False,False,True
323,2015-12-15,120158,18.44761488517912,23,0.958,136344.00090640632,88.12855659302734,,,92.76690167687089,97.92061843669705,110.16069574128417,True,False,True,True,True
324,2005-06-12,204245,47.084081688475685,22,0.916,332736.0673456737,61.383486806620645,,,64.61419663854805,68.20387422957849,76.72935850827581,False,False,False,False,True
325,2020-05-27,188502,47.63077081839674,23,0.958,352033.03516780137,53.54667919451024,,,56.364925467905515,59.49631021612248,66.9333489931378,False,False,False,False,False
326,2001-04-02,162766,33.13870970962765,22,0.916,234186.2376895466,69.50280324148417,,,73.16084551735175,77.22533693498241,86.8785040518552,False,False,False,True,True
327,1983-08-04,77545,40.25402266737266,24,1.0,310555.7594765133,24.969751045903426,,,26.28394846937202,27.744167828781585,31.212188807379277,False,False,False,False,False
328,1988-08-04,33224,32.55160936465211,22,0.916,230037.28855601678,14.442875852238002,,,15.203027212882109,16.04763983582,18.0535948152975,False,False,False,False,False
329,2015-05-13,60738,26.797930140831827,22,0.916,189376.90973904918,32.072547853744986,,,33.76057668815262,35.636164281938875,40.090684817181234,False,False,False,False,False
330,1998-11-07,200760,34.73690532346628,24,1.0,267991.75088001,74.91275359810899,,,78.85553010327263,83.23639288678777,93.64094199763625,False,False,True,True,True
331,2004-10-28,259690,29.88506536663813,23,0.958,220876.7585835993,117.57235196011368,,,123.76037048433022,130.63594662234854,146.96543995014213,True,False,True,True,True
332,2009-12-16,159649,31.886413818436854,23,0.958,235668.4732212084,67.74304505726003,,,71.30846848132634,75.27005006362225,84.67880632157504,False,False,False,True,True
333,2015-05-25,28070,40.272464903848785,22,0.916,284599.40416981996,9.862986214563781,,,10.382090752172402,10.958873571737534,12.328732768204727,False,False,False,False,False
334,2015-04-04,146161,26.640672415204318,24,1.0,205530.12361605978,71.11414980367347,,,74.85699979334048,79.01572200408162,88.89268725459182,False,False,False,True,True
335,2009-07-10,28666,6.833934774161275,23,0.958,50508.752206831385,56.75452025148798,,,59.74160026472419,63.06057805720886,70.94315031435997,False,False,False,False,False
336,2007-08-16,157855,12.379976644527375,22,0.916,87487.41814241566,180.43165903357334,,,189.92806214060352,200.47962114841482,225.5395737919667,True,False,True,True,True
337,1985-10-12,61914,24.737324742029227,24,1.0,190845.98665228128,32.441866389785,,,34.14933304187894,36.04651821087222,40.552332987231246,False,False,False,False,False
338,1991-03-08,221579,37.61719519433262,23,0.958,278023.95743815694,79.69780807443098,,,83.89242955203261,88.55312008270108,99.62226009303873,True,False,True,True,True
339,1995-02-04,147738,31.69753917395804,23,0.958,234272.52448429578,63.06245272475538,,,66.38152918395303,70.06939191639486,78.82806590594423,False,False,False,False,True
340,2017-07-06,266965,34.26323836430542,24,1.0,264337.4576567799,100.99401059785924,,,106.30948483985183,112.21556733095473,126.24251324732406,True,False,True,True,True
341,1986-10-17,238967,26.567551785932928,24,1.0,204966.00527329394,116.5886019398048,,,122.72484414716295,129.54289104422756,145.73575242475601,True,False,True,True,True
342,1999-03-24,114270,32.708390987400925,24,1.0,252341.9656286994,45.283787702652276,,,47.667144950160285,50.315319669613636,56.604734628315335,False,False,False,False,False
343,2011-08-20,286901,19.8057847016598,24,1.0,152799.64839483518,187.76286661252396,,,197.64512275002522,208.62540734724888,234.70358326565494,True,False,True,True,True
344,1985-10-22,39097,26.15821667134993,22,0.916,184856.15163078258,21.149958849132233,,,22.263114578033928,23.499954276813597,26.437448561415287,False,False,False,False,False
345,2005-11-20,161467,38.492557951773,24,1.0,296966.2353421335,54.37217460563305,,,57.23386800592952,60.41352733959228,67.9652182570413,False,False,False,False,False
346,2004-03-14,167313,44.23247505379045,23,0.958,326916.65867720346,51.17909888012295,,,53.872735663287315,56.86566542235882,63.97387360015369,False,False,False,False,False
347,2005-02-10,178768,24.5144900280375,23,0.958,181183.51187437962,98.66681473971298,,,103.85980498917155,109.62979415523665,123.33351842464123,True,False,True,True,True
348,2023-10-18,266726,6.964774596831253,22,0.916,49219.006215977584,541.9166710306613,,,570.4386010849067,602.1296344785126,677.3958387883266,True,False,True,True,True
349,1991-08-14,66163,12.275264486606119,23,0.958,90724.93559223339,72.92702890126267,,,76.7652935802765,81.03003211251409,91.15878612657835,False,False,True,True,True
350,1995-02-01,39816,5.938751268119215,23,0.958,43892.56352775958,90.71240501780812,,,95.48674212400854,100.79156113089792,113.39050627226015,True,False,True,True,True
351,2023-10-01,253619,34.396835865679854,24,1.0,265368.1490201335,95.57250971395136,,,100.60264180415932,106.19167745994595,119.4656371424392,True,False,True,True,True
352,1981-04-28,175989,19.9541581409799,23,0.958,147478.67258688828,119.33183077459191,,,125.61245344693883,132.5909230828799,149.1647884682399,True,False,True,True,True
353,1997-09-13,116731,29.411538607371536,22,0.916,207846.88454904174,56.16201573252697,,,59.11791129739681,62.40223970280774,70.20251966565871,False,False,False,False,False
354,2011-09-05,172638,27.197458105270982,24,1.0,209825.6695363551,82.27687316879414,,,86.60723491452015,91.41874796532682,102.84609146099268,True,False,True,True,True
355,1985-08-21,226524,8.668692029859201,24,1.0,66878.09214116076,338.7118154056665,,,356.5387530585964,376.34646156185175,423.38976925708323,True,False,True,True,True
356,1989-12-11,82823,23.146761250572432,22,0.916,163574.6527087898,50.633150447489506,,,53.29805310262052,56.25905605276611,63.29143805936188,False,False,False,False,False
357,1992-10-28,171878,14.925250621504548,24,1.0,115146.81601984543,149.26856507293874,,,157.1248053399355,165.85396119215415,186.5857063411734,True,False,True,True,True
358,1986-06-28,226592,23.82799049004437,24,1.0,183830.56383164332,123.26133112854873,,,129.74876960899869,136.95703458727638,154.07666391068594,True,False,True,True,True
359,1993-09-28,21759,14.16102261540092,22,0.916,100073.8000120098,21.742953697559916,,,22.887319681642015,24.15883744173324,27.178692121949886,False,False,False,False,False
360,2000-11-25,277164,42.82035828246201,24,1.0,330354.7821133661,83.89889143632469,,,88.3146225645523,93.2209904848052,104.87361429540584,True,False,True,True,True
361,1994-02-24,153554,12.838700146021413,22,0.916,90729.1475849912,169.24439839595888,,,178.15199831153566,188.0493315510654,211.55549799494858,True,False,True,True,True
362,2015-11-24,113501,48.23512481691396,22,0.916,340870.3146362087,33.29741403886493,,,35.04990951459466,36.997126709849915,41.621767548581154,False,False,False,False,False
363,1989-09-15,284223,23.715831476612337,23,0.958,175280.726992042,162.1530243954911,,,170.6873941005169,180.1700271061012,202.69128049436387,True,False,True,True,True
364,2008-02-11,79676,43.08103814085722,23,0.958,318406.5333044776,25.02335588818132,,,26.34037461913823,27.803728764645914,31.27919486022665,False,False,False,False,False
365,1994-09-02,237516,33.294416819267525,24,1.0,256863.09631896703,92.46793463279668,,,97.33466803452282,102.7421495919963,115.58491829099584,True,False,True,True,True
366,1988-03-24,193532,38.09076343995887,24,1.0,293866.4308629387,65.85713088483544,,,69.32329566824784,73.17458987203939,82.32141360604432,False,False,False,False,True
367,2012-04-15,110397,39.54757496300511,22,0.916,279476.7168511927,39.50132277343907,,,41.58033976151481,43.89035863715451,49.37665346679883,False,False,False,False,False
368,1984-09-10,92847,27.7180196851858,24,1.0,213841.75006923993,43.41855599757158,,,45.70374315533851,48.24283999730176,54.27319499696447,False,False,False,False,False
369,2023-07-27,113607,29.44852355134798,22,0.916,208108.2515412058,54.59033899840613,,,57.463514735164345,60.655932220451255,68.23792374800767,False,False,False,False,False
370,2020-11-23,240178,28.129814051392625,22,0.916,198789.1314213815,120.82048866690043,,,127.17946175463202,134.24498740766714,151.0256108336255,True,False,True,True,True
371,2005-11-14,169521,31.462627014053563,24,1.0,242731.02115072182,69.83903383932841,,,73.51477246245095,77.59892648814267,87.2987922991605,False,False,False,True,True
372,2009-10-28,84077,6.3227500590428285,22,0.916,44681.91613834672,188.16784790445413,,,198.0714188467938,209.07538656050457,235.20980988056763,True,False,True,True,True
373,1980-02-19,199374,22.798182643205685,23,0.958,168498.49990455667,118.32390206021554,,,124.55147585285846,131.4710022891284,147.9048775752694,True,False,True,True,True
374,2003-02-09,277009,32.27849211025272,24,1.0,249025.3387813887,111.23727463058579,,,117.09186803219555,123.59697181176199,139.04659328823223,True,False,True,True,True
375,1987-12-09,157717,31.897560436513896,23,0.958,235750.85647317127,66.89986299920331,,,70.420908420214,74.3331811102259,83.62482874900412,False,False,False,False,True
376,1994-09-21,58000,40.68302425725342,24,1.0,313865.4638422844,18.479255184681506,,,19.45184756282264,20.532505760757232,23.099068980851882,False,False,False,False,False
377,2010-01-13,46737,34.47542024744489,22,0.916,243632.5684149835,19.18339584237854,,,20.193048255135306,21.314884269309488,23.979244802973174,False,False,False,False,False
378,1980-02-14,293629,49.64599923533026,24,1.0,383013.9195006494,76.66274906740097,,,80.69763059726418,85.18083229711219,95.82843633425121,True,False,True,True,True
379,1999-08-24,206240,17.773453787389023,23,0.958,131361.3610421058,157.00202735711076,,,165.26529195485344,174.44669706345644,196.25253419638847,True,False,True,True,True
380,1999-10-07,72487,21.161796334980416,22,0.916,149547.20657098223,48.47098228183501,,,51.022086612457905,53.85664697981668,60.588727852293765,False,False,False,False,False
381,1980-12-26,294486,22.273121834050833,24,1.0,171834.90763751877,171.37728535415545,,,180.39714247805838,190.41920594906162,214.2216066926943,True,False,True,True,True
382,2010-11-28,98623,25.961576315911184,24,1.0,200290.9651196232,49.239864584554624,,,51.83143640479435,54.71096064950514,61.54983073069328,False,False,False,False,False
383,1995-05-22,203675,42.61991287015442,24,1.0,328808.36580195435,61.943375285857584,,,65.20355293248168,68.82597253984177,77.42921910732198,False,False,False,False,True
384,1987-02-12,233046,15.610644228164444,23,0.958,115376.30767131949,201.98774315424822,,,212.61867700447178,224.43082572694246,252.48467894281026,True,False,True,True,True
385,2018-10-07,125947,39.920009316594324,23,0.958,295043.7669217766,42.687565073486766,,,44.934279024722905,47.430627859429734,53.35945634185845,False,False,False,False,False
386,2022-12-06,148177,23.23895823885845,24,1.0,179286.23891696907,82.64828404851731,,,86.99819373528139,91.83142672057481,103.31035506064663,True,False,True,True,True
387,1992-11-18,236454,32.08349226479038,22,0.916,226729.17597784626,104.2891806844938,,,109.77808493104611,115.87686742721533,130.36147585561724,True,False,True,True,True
388,1992-12-19,129575,33.464323995183776,22,0.916,236487.30448244608,54.791524764331726,,,57.67528922561234,60.87947196036858,68.48940595541465,False,False,False,False,False
389,1984-11-10,227606,21.77818867350205,23,0.958,160959.8527897185,141.40544741759268,,,148.84783938693965,157.1171637973252,176.75680927199082,True,False,True,True,True
390,1999-02-19,96218,28.067684234261232,22,0.916,198350.0694225942,48.50918392924935,,,51.062298872894054,53.8990932547215,60.63647991156169,False,False,False,False,False
391,2011-12-19,83230,23.586402859146364,23,0.958,174324.1363624711,47.74439256474523,,,50.25725533131078,53.04932507193916,59.68049070593155,False,False,False,False,False
392,1988-05-30,265756,8.110975378397875,24,1.0,62575.36394680176,424.69748993538667,,,447.0499894056702,471.88609992820744,530.8718624192334,True,False,True,True,True
393,1994-06-12,182552,24.672442496757196,23,0.958,182350.9187002663,100.11027161319883,,,105.37923327705141,111.23363512577646,125.13783951649853,True,False,True,True,True
394,2007-10-16,59986,9.382702664909848,23,0.958,69346.37505235344,86.50199805644235,,,91.05473479625512,96.11333117382485,108.12749757055293,True,False,True,True,True
395,2018-11-01,175232,23.225935958614468,24,1.0,179185.77332711476,97.79347810169232,,,102.94050326493928,108.65942011299148,122.24184762711539,True,False,True,True,True
396,1986-12-21,121358,31.681327992430184,22,0.916,223887.14203318045,54.20498868220602,,,57.057882823374776,60.227765202451145,67.75623585275753,False,False,False,False,False
397,2016-03-08,93506,31.073670470457536,23,0.958,229661.58937940645,40.714688186506386,,,42.85756651211199,45.23854242945154,50.89336023313298,False,False,False,False,False
398,2012-03-29,54911,34.81795755537442,23,0.958,257335.14419271186,21.33832134443266,,,22.461390888876483,23.709245938258512,26.67290168054082,False,False,False,False,False
399,2018-05-30,226111,9.286767857958182,24,1.0,71646.48534736158,315.59259174229214,,,332.2027281497812,350.6584352692135,394.49073967786524,True,False,True,True,True
400,2003-01-19,104458,34.34554604886971,22,0.916,242714.76714258123,43.03734841919891,,,45.302472020209386,47.81927602133212,53.79668552399865,False,False,False,False,False
401,2017-11-05,32175,19.04666255134012,23,0.958,140771.48684680584,22.85619106588989,,,24.05914849041041,25.395767850988765,28.57023883236236,False,False,False,False,False
402,1980-12-26,141300,22.957067576169997,24,1.0,177111.4806433939,79.78026014276357,,,83.97922120290903,88.64473349195951,99.72532517845445,True,False,True,True,True
403,1980-11-26,106925,43.60938142652176,23,0.958,322311.45206323883,33.17443401887591,,,34.92045686197463,36.86048224319545,41.468042523594875,False,False,False,False,False
404,1998-09-01,264446,5.406368185829761,24,1.0,41709.58991685802,634.0172620424571,,,667.3865916236392,704.463624491619,792.5215775530714,True,False,True,True,True
405,2018-09-22,86358,31.478568500327246,22,0.916,222454.27144082802,38.82056273438243,,,40.86375024671835,43.13395859375825,48.52570341797803,False,False,False,False,False
406,2017-02-10,67057,31.94212910450484,22,0.916,225730.18395476346,29.70670506937534,,,31.27021586250036,33.00745007708371,37.133381336719175,False,False,False,False,False
407,2024-12-06,288294,22.84968993546029,22,0.916,161475.29476090366,178.5375282496785,,,187.9342402628195,198.37503138853165,223.1719103120981,True,False,True,True,True
408,1999-04-03,286569,15.666253569875128,22,0.916,110711.03897426632,258.8441068343782,,,272.46748087829286,287.60456314930906,323.55513354297267,True,False,True,True,True
409,1990-05-31,274726,15.5603317217698,23,0.958,115004.45426586998,238.8829213213621,,,251.45570665406532,265.4254681348467,298.60365165170253,True,False,True,True,True
410,1990-12-06,298176,44.76693513473386,23,0.958,330866.785900378,90.11965319776128,,,94.86279283974874,100.13294799751253,112.64956649720162,True,False,True,True,True
411,1985-11-04,22198,24.89109682022859,22,0.916,175901.6077382775,12.619554923584447,,,13.283742024825735,14.021727692871607,15.77444365448056,False,False,False,False,False
412,1994-01-05,204466,19.89002133451274,22,0.916,140559.76544376722,145.46552447243468,,,153.12160470782595,161.62836052492742,181.83190559054333,True,False,True,True,True
413,2001-10-24,187292,25.194990822413136,22,0.916,178049.18058138495,105.19116088511862,,,110.72753777380906,116.87906765013179,131.48895110639825,True,False,True,True,True
414,1991-04-16,164931,35.12256806567126,23,0.958,259586.48215431362,63.53605111916237,,,66.88005380964461,70.59561235462486,79.42006389895295,False,False,False,False,True
415,2009-06-19,182491,11.559045571013826,22,0.916,81686.02269904615,223.40541743885268,,,235.1635973040555,248.2282415987252,279.25677179856586,True,False,True,True,True
416,1999-12-10,280910,25.224522584618196,22,0.916,178257.87706787296,157.58630396627103,,,165.88031996449578,175.09589329585668,196.98287995783875,True,False,True,True,True
417,1982-03-10,43236,31.454796699967414,22,0.916,222286.27973149,19.45059319550752,,,20.474308626850018,21.611770217230575,24.313241494384393,False,False,False,False,False
418,1981-11-25,107955,47.68625096831452,24,1.0,367894.65759544965,29.343997737175965,,,30.88841867071154,32.60444193019551,36.67999717146995,False,False,False,False,False
419,2009-08-02,236586,16.363750193393866,22,0.916,115640.14187218512,204.58812672635256,,,215.35592286984482,227.32014080705838,255.73515840794067,True,False,True,True,True
420,1991-12-10,123145,21.16628365623105,24,1.0,163295.76177945692,75.41224503200303,,,79.38131056000317,83.79138336889224,94.26530629000378,True,False,True,True,True
421,2004-08-02,166430,22.07113654650907,24,1.0,170276.61134266283,97.74096318200628,,,102.88522440211187,108.6010702022292,122.17620397750784,True,False,True,True,True
422,1993-08-06,250785,32.24921709401973,22,0.916,227900.32822212597,110.04152646746923,,,115.83318575523079,122.26836274163249,137.55190808433653,True,False,True,True,True
423,2003-06-05,114914,21.052942386800076,24,1.0,162421.3452199239,70.75055304116748,,,74.47426635912366,78.6117256012972,88.43819130145934,False,False,False,True,True
424,1990-11-06,227990,29.008036638486303,22,0.916,204995.39730582832,111.21713121191034,,,117.07066443358984,123.57459023545596,139.02141401488794,True,False,True,True,True
425,1997-08-12,34596,40.180564843026325,23,0.958,296969.5000397503,11.649681194657774,,,12.26282231016608,12.944090216286416,14.562101493322215,False,False,False,False,False
426,1992-04-05,152351,36.74235173504916,23,0.958,271558.0994859001,56.10254317158028,,,59.05530860166345,62.33615907953365,70.12817896447535,False,False,False,False,False
427,1997-06-03,214269,25.08658909306635,23,0.958,185411.8240939455,115.56382719768345,,,121.6461338922984,128.40425244187054,144.45478399710433,True,False,True,True,True
428,2021-01-25,158155,43.8897279953376,23,0.958,324383.4582857584,48.7555687444077,,,51.32165130990284,54.172854160453,60.944460930509614,False,False,False,False,False
429,1985-12-11,140674,30.11631123172383,24,1.0,232344.32952162618,60.54548449262083,,,63.73208893960087,67.27276054735647,75.68185561577603,False,False,False,False,True
430,1998-04-24,277529,29.295762777599563,22,0.916,207028.71431165902,134.0533852623992,,,141.10882659199913,148.9482058471102,167.56673157799898,True,False,True,True,True
431,2010-07-10,260469,6.538449467262118,22,0.916,46206.23115620215,563.709684781417,,,593.3786155593863,626.3440942015743,704.6371059767711,True,False,True,True,True
432,2010-06-17,276713,49.40118411607227,22,0.916,349110.67892877077,79.26225598399924,,,83.43395366736762,88.06917331555472,99.07781997999905,True,False,True,True,True
433,1983-03-20,39063,10.533686383833203,23,0.958,77853.15092516411,50.17523316114602,,,52.8160349064695,55.750259067940014,62.719041451432524,False,False,False,False,False
434,2017-03-23,87642,15.400891059244097,23,0.958,113826.04838677787,76.99643556296958,,,81.04887953996798,85.5515950699662,96.24554445371197,True,False,True,True,True
435,1996-04-11,110093,7.326357675868714,22,0.916,51774.259019540536,212.6404164634185,,,223.83201732991415,236.26712940379826,265.80052057927304,True,False,True,True,True
436,2016-10-17,237215,33.800133507661116,23,0.958,249812.534698328,94.95720472411816,,,99.95495234117699,105.50800524902016,118.69650590514766,True,False,True,True,True
437,2005-03-22,202992,15.111552963770599,22,0.916,106791.05388353752,190.08333808689235,,,200.08772430199193,211.20370898543595,237.60417260861547,True,False,True,True,True
438,2002-10-15,179601,13.100469686272557,22,0.916,92579.03324168372,193.99748918433795,,,204.20788335193464,215.55276576037548,242.49686148042238,True,False,True,True,True
439,1999-07-06,55954,8.985001290045862,22,0.916,63495.641990558535,88.12258329212588,,,92.76061399171145,97.91398143569542,110.15322911515734,True,False,True,True,True
440,1990-10-19,47856,9.648903070580705,22,0.916,68187.33522608834,70.1831210170102,,,73.87696949158966,77.98124557445576,87.72890127126273,False,False,False,True,True
441,1982-08-14,22573,31.310181519916494,22,0.916,221264.30617773143,10.201826218580482,,,10.738764440611034,11.335362465089425,12.752282773225602,False,False,False,False,False
442,1987-08-05,55367,35.969353963996795,22,0.916,254189.97150950442,21.781740511320592,,,22.92814790665326,24.201933901467328,27.22717563915074,False,False,False,False,False
443,1983-12-13,257804,22.882054480898045,22,0.916,161704.01009704717,159.42956507094544,,,167.8205948115215,177.14396118993938,199.2869563386818,True,False,True,True,True
444,1997-01-11,43752,26.595368671643296,23,0.958,196563.0241547367,22.258509802717484,,,23.430010318649984,24.731677558574983,27.82313725339685,False,False,False,False,False
445,1993-07-04,168757,35.86854811923428,22,0.916,253477.59188673383,66.57669372029102,,,70.08073023188528,73.97410413365667,83.22086715036376,False,False,False,False,True
446,2021-05-22,136739,5.782090558346583,22,0.916,40861.15741090666,334.6429926713276,,,352.2557817592922,371.8255474125862,418.3037408391595,True,False,True,True,True
447,2011-01-24,258009,19.540879568162534,23,0.958,144424.1826456396,178.6466748668075,,,188.04913143874472,198.49630540756388,223.30834358350936,True,False,True,True,True
448,1991-12-29,276028,48.78939866316559,23,0.958,360596.307813105,76.54765010601932,,,80.5764737958098,85.05294456224368,95.68456263252413,True,False,True,True,True
449,2004-10-28,227980,31.105050336296063,23,0.958,229893.5140202319,99.16765201994193,,,104.38700212625467,110.18628002215772,123.95956502492741,True,False,True,True,True
450,1989-02-23,276609,16.440106095387197,22,0.916,116179.73745601726,238.0871278046374,,,250.61802926803932,264.5412531162637,297.60890975579673,True,False,True,True,True
451,2014-11-26,208456,28.47785209862959,24,1.0,219703.7811557174,94.88047902655556,,,99.87418844900586,105.42275447395062,118.60059878319444,True,False,True,True,True
452,2005-03-18,51653,20.41940696544119,24,1.0,157533.68279768224,32.78854342936745,,,34.51425624143942,36.43171492151939,40.985679286709306,False,False,False,False,False
453,2006-10-13,177729,28.95102449718346,23,0.958,213973.3800198012,83.06126677232135,,,87.4329123919172,92.29029641369037,103.82658346540168,True,False,True,True,True
454,1996-11-14,248504,10.658368031299197,24,1.0,82228.24352467018,302.212462954342,,,318.11838205720215,335.79162550482454,377.76557869292753,True,False,True,True,True
455,2006-11-20,141829,10.972159421867483,23,0.958,81093.84998936729,174.894890325957,,,184.09988455363896,194.32765591773,218.61861290744625,True,False,True,True,True
456,2019-03-12,148377,11.459406291772678,22,0.916,80981.88701796367,183.2224531481793,,,192.8657401559782,203.58050349797702,229.02806643522413,True,False,True,True,True
457,1980-05-16,21622,47.291890636707876,24,1.0,364852.2070731376,5.9262352209550135,,,6.238142337847384,6.584705801061126,7.407794026193766,False,False,False,False,False
458,1982-04-26,68756,37.980451325360384,22,0.916,268402.0916799009,25.616789932471583,,,26.965042034180613,28.463099924968425,32.020987415589474,False,False,False,False,False
459,1983-03-09,60809,12.30718525980444,24,1.0,94948.70356086527,64.04405507340016,,,67.41479481410542,71.16006119266683,80.05506884175018,False,False,False,False,True
460,1981-03-31,36725,13.475708769452066,22,0.916,95230.7909562683,38.564207680333965,,,40.59390282140417,42.84911964481552,48.20525960041745,False,False,False,False,False
461,1992-10-05,212468,37.88732636918944,24,1.0,292296.9342056596,72.68909630455032,,,76.51483821531613,80.76566256061147,90.8613703806879,False,False,True,True,True
462,2015-10-04,71226,12.027373015647827,22,0.916,84995.62175183401,83.79961053518984,,,88.2101163528314,93.11067837243314,104.74951316898728,True,False,True,True,True
463,2024-03-19,101182,15.55525820006729,22,0.916,109926.6515227324,92.04501237725408,,,96.88948671289903,102.27223597472674,115.0562654715676,True,False,True,True,True
464,1984-10-03,49402,48.35060747691796,24,1.0,373020.10162367433,13.24379029037952,,,13.94083188461002,14.715322544866133,16.5547378629744,False,False,False,False,False
465,1988-12-03,24263,16.488793612779432,22,0.916,116523.80476040054,20.822354753940836,,,21.918268162042985,23.13594972660093,26.027943442426043,False,False,False,False,False
466,2014-07-05,247595,34.7734557667016,22,0.916,245738.74024738598,100.75537937190747,,,106.05829407569207,111.95042152434162,125.94422421488431,True,False,True,True,True
467,1984-01-24,197900,49.03840793302387,22,0.916,346546.994640037,57.10625198338868,,,60.11184419304071,63.451391092654085,71.38281497923586,False,False,False,False,False
468,1992-06-08,67924,21.84335452129067,24,1.0,168519.29579630538,40.3063635407674,,,42.42775109554462,44.784848378630436,50.382954425959234,False,False,False,False,False
469,2009-02-12,244137,5.788219588792801,24,1.0,44655.53530557758,546.7116189054098,,,575.4859146372734,607.4573543393442,683.3895236317622,True,False,True,True,True
470,2016-11-22,180445,15.986628069006843,22,0.916,112975.07699085609,159.7210684039673,,,168.12744042522877,177.4678537821859,199.65133550495912,True,False,True,True,True
471,2011-01-14,187469,42.38947361037675,22,0.916,299559.9837603331,62.58145619008547,,,65.87521704219522,69.53495132231717,78.22682023760683,False,False,False,False,True
472,2022-02-22,121371,43.90739761797665,24,1.0,338741.181882928,35.83001019402091,,,37.71580020423252,39.811122437801,44.787512742526125,False,False,False,False,False
473,1995-12-10,58709,39.5833714035706,24,1.0,305381.7520414068,19.22478982700958,,,20.2366208705364,21.3608775855662,24.030987283761974,False,False,False,False,False
474,1994-06-13,212192,10.089941858445787,22,0.916,71304.08947845064,297.5874196726517,,,313.2499154448966,330.65268852516857,371.9842745908146,True,False,True,True,True
475,2005-03-30,170322,40.79796672633814,22,0.916,288313.0458832759,59.07537048079162,,,62.18460050609645,65.63930053421292,73.84421310098953,False,False,False,False,False
476,2011-05-19,41172,46.34050086470769,22,0.916,327481.29439095815,12.572321138699142,,,13.234022251262257,13.969245709665712,15.715401423373926,False,False,False,False,False
477,2001-01-15,31555,32.027429414580624,23,0.958,236710.70175254502,13.330618246819817,,,14.032229733494543,14.811798052022015,16.66327280852477,False,False,False,False,False
478,1988-02-10,73276,47.33939103521292,24,1.0,365218.6678975641,20.063596535693055,,,21.11957530072953,22.292885039658948,25.07949566961632,False,False,False,False,False
479,2002-09-16,77492,42.207749767034485,23,0.958,311952.1687932312,24.84098773852841,,,26.148408145819374,27.601097487253785,31.05123467316051,False,False,False,False,False
480,1998-06-21,204074,35.01371826459083,24,1.0,270127.33503949177,75.54733398978857,,,79.52350946293534,83.94148221087617,94.43416748723571,True,False,True,True,True
481,2015-06-21,276010,30.973335652028666,24,1.0,238956.18722183595,115.50652996641806,,,121.58582101728217,128.34058885157563,144.38316245802255,True,False,True,True,True
482,1982-09-12,242320,20.685815025888672,24,1.0,159588.99434322852,151.84004448254225,,,159.8316257710971,168.71116053615808,189.8000556031778,True,False,True,True,True
483,2009-01-15,31046,12.16793503592623,24,1.0,93874.40200866727,33.071848486591236,,,34.81247209114867,36.7464983184347,41.33981060823904,False,False,False,False,False
484,2009-03-04,248071,32.22292652107434,24,1.0,248596.65581743643,99.78855072860576,,,105.04057971432184,110.87616747622862,124.73568841075719,True,False,True,True,True
485,1980-10-26,204374,19.315019912815377,24,1.0,149013.44712537935,137.15138059187404,,,144.36987430723582,152.39042287986004,171.43922573984253,True,False,True,True,True
486,2004-07-22,286997,43.989740038744046,24,1.0,339376.44542490644,84.56597500179298,,,89.01681579136105,93.96219444643665,105.70746875224124,True,False,True,True,True
487,2016-05-22,140900,49.70016218113828,23,0.958,367327.64640039066,38.35812560822543,,,40.376974324447815,42.62013956469492,47.94765701028179,False,False,False,False,False
488,1989-03-05,79129,38.859249317700765,22,0.916,274612.42386599473,28.814792457683318,,,30.331360481771917,32.01643606409258,36.01849057210415,False,False,False,False,False
489,1999-06-25,257091,9.071676287917285,22,0.916,64108.16106058621,401.0269453167328,,,422.13362664919237,445.58549479636974,501.2836816459159,True,False,True,True,True
490,1980-06-20,225550,17.990851798878715,23,0.958,132968.12239635625,169.6271226028689,,,178.5548658977567,188.4745806698543,212.03390325358612,True,False,True,True,True
491,1992-08-01,264883,9.909933429458738,23,0.958,73243.0713075041,361.64922534162145,,,380.6833950964437,401.8324726018016,452.0615316770268,True,False,True,True,True
492,1992-03-25,134130,34.27302415062721,23,0.958,253307.6099508475,52.9514293021149,,,55.73834663380517,58.83492144679434,66.18928662764363,False,False,False,False,False
493,1995-07-15,166922,39.43358890501031,23,0.958,291448.6948514469,57.273202093109774,,,60.287581150641856,63.63689121456642,71.59150261638722,False,False,False,False,False
494,2019-08-13,141789,46.65536738963203,24,1.0,359941.49387427216,39.39223524185489,,,41.46551078089989,43.76915026872765,49.2402940523186,False,False,False,False,False
495,1999-01-05,175130,24.717755588539443,22,0.916,174676.63153246103,100.2595472923662,,,105.53636557091177,111.39949699151799,125.32443411545773,True,False,True,True,True
496,1993-07-23,196492,45.56190423147999,24,1.0,351505.534955445,55.900115491753574,,,58.84222683342482,62.11123943528175,69.87514436469198,False,False,False,False,False
497,2015-03-06,58890,44.50510215685974,22,0.916,314510.8099690408,18.724316663645645,,,19.709807014363836,20.804796292939606,23.405395829557055,False,False,False,False,False
498,1986-08-08,86017,19.273807254442936,22,0.916,136205.07395796845,63.15256656778,,,66.47638586082105,70.16951840864444,78.940708209725,False,False,False,False,True
499,1983-04-28,198376,44.1005281493257,23,0.958,325941.455705225,60.862463650345646,,,64.06575121089016,67.62495961149514,76.07807956293205,False,False,False,False,True
500,2013-09-13,183993,21.905251334677693,24,1.0,168996.82352190494,108.87364399257558,,,114.60383578165849,120.97071554730618,136.09205499071945,True,False,True,True,True
